	Bruce Willis
	George Clooney
	Kevin Costner
	Donald Sutherland
	Jennifer Lopez
	Ray Liotta
	Samuel L. Jackson
	Nikole Kidman
	Alan Rickman
	Kurt Russell
	Harrison Ford
	Russell Crowe
	Steve Martin
	Michael Caine
    Angelina Jolie
	Mel Gibson
	Michael Douglas
	John Travolta
	Sylvester Stallone
	Tommy Lee Jones
	Catherine Zeta-Jones
	Antonio Banderas
	Kim Basinger
	Sam Neill
	Gary Oldman
	ClINT Eastwood
	Brad Pitt
	Johnny Depp
	Pierce Brosnan
	Sean Connery
	Bruce Willis
	Mullah Omar
	Leonardo Grant-Baker